0.80357,0.16667,0.055556,0.083333,0.50118
0.85714,0.66667,0.22222,0.33333,0.60047
0.8125,0.33333,0.16667,0.22222,0.55142
0.83929,0.5,0.22222,0.30769,0.58983
0.83036,0.33333,0.055556,0.095238,0.51714
0.81416,0.2,0.055556,0.086957,0.50673
0.84071,0.5,0.11111,0.18182,0.54503
0.84956,0.66667,0.11111,0.19048,0.55029
0.83186,0.4,0.11111,0.17391,0.53977
0.83186,0.33333,0.055556,0.095238,0.51725
0.78571,0.125,0.055556,0.076923,0.49054
0.83929,0.5,0.11111,0.18182,0.54492
0.83036,0,0,NaN,0.49468
0.84821,0.55556,0.27778,0.37037,0.61761
0.8125,0.2,0.055556,0.086957,0.5065
0.83186,0,0,NaN,0.49474
0.84956,1,0.055556,0.10526,0.52778
0.83186,0,0,NaN,0.49474
0.84071,0.5,0.055556,0.1,0.52251
0.84956,0.6,0.16667,0.26087,0.57281
0.8125,0.2,0.055556,0.086957,0.5065
0.86607,0.66667,0.33333,0.44444,0.65071
0.78571,0.125,0.055556,0.076923,0.49054
0.8125,0.2,0.055556,0.086957,0.5065
0.83036,0.33333,0.055556,0.095238,0.51714
0.84071,0.5,0.22222,0.30769,0.59006
0.76991,0,0,NaN,0.45789
0.83186,0,0,NaN,0.49474
0.84071,0.5,0.33333,0.4,0.63509
0.81416,0.2,0.055556,0.086957,0.50673
0.80357,0.16667,0.055556,0.083333,0.50118
0.76786,0.1,0.055556,0.071429,0.47991
0.76786,0.1,0.055556,0.071429,0.47991
0.83036,0.33333,0.055556,0.095238,0.51714
0.83036,0.45455,0.27778,0.34483,0.60697
0.85841,0.66667,0.22222,0.33333,0.60058
0.84071,NaN,0,NaN,0.5
0.84071,0.5,0.055556,0.1,0.52251
0.81416,0.2,0.055556,0.086957,0.50673
0.82301,0.25,0.055556,0.090909,0.51199
0.83036,0.33333,0.055556,0.095238,0.51714
0.83036,0.33333,0.055556,0.095238,0.51714
0.82143,0,0,NaN,0.48936
0.83929,0.5,0.27778,0.35714,0.61229
0.83929,0.5,0.16667,0.25,0.56738
0.82301,0.33333,0.11111,0.16667,0.5345
0.85841,0.6,0.33333,0.42857,0.64561
0.81416,0.2,0.055556,0.086957,0.50673
0.83186,0.44444,0.22222,0.2963,0.5848
0.84071,0.5,0.16667,0.25,0.56754
0.85714,0.57143,0.44444,0.5,0.69031
0.84821,0.66667,0.11111,0.19048,0.55024
0.84821,0.66667,0.11111,0.19048,0.55024
0.82143,0,0,NaN,0.48936
0.83929,0.5,0.055556,0.1,0.52246
0.83186,0.4,0.11111,0.17391,0.53977
0.83186,0.33333,0.055556,0.095238,0.51725
0.85841,1,0.11111,0.2,0.55556
0.83186,0.44444,0.22222,0.2963,0.5848
0.80531,0.16667,0.055556,0.083333,0.50146
0.84821,0.66667,0.11111,0.19048,0.55024
0.84821,0.55556,0.27778,0.37037,0.61761
0.83036,0.33333,0.055556,0.095238,0.51714
0.83929,0.5,0.22222,0.30769,0.58983
0.83036,0.33333,0.055556,0.095238,0.51714
0.82301,0.25,0.055556,0.090909,0.51199
0.82301,0.375,0.16667,0.23077,0.55702
0.82301,0,0,NaN,0.48947
0.81416,0.33333,0.16667,0.22222,0.55175
0.84956,0.57143,0.22222,0.32,0.59532
0.83036,0.44444,0.22222,0.2963,0.58452
0.83929,0.5,0.11111,0.18182,0.54492
0.83036,0.42857,0.16667,0.24,0.56206
0.8125,0,0,NaN,0.48404
0.85714,1,0.11111,0.2,0.55556
0.86726,0.8,0.22222,0.34783,0.60585
0.81416,0.28571,0.11111,0.16,0.52924
0.81416,0.2,0.055556,0.086957,0.50673
0.83186,0.46154,0.33333,0.3871,0.62982
0.81416,0,0,NaN,0.48421
0.82143,0.25,0.055556,0.090909,0.51182
0.84821,0.66667,0.11111,0.19048,0.55024
0.83929,0.5,0.16667,0.25,0.56738
0.88393,0.72727,0.44444,0.55172,0.70626
0.83036,0.42857,0.16667,0.24,0.56206
0.84956,0.6,0.16667,0.26087,0.57281
0.84071,0.5,0.16667,0.25,0.56754
0.77876,0.11111,0.055556,0.074074,0.48567
0.80531,0.16667,0.055556,0.083333,0.50146
0.84071,0.5,0.055556,0.1,0.52251
0.83036,0.42857,0.16667,0.24,0.56206
0.83036,0.33333,0.055556,0.095238,0.51714
0.83929,NaN,0,NaN,0.5
0.83036,0.44444,0.22222,0.2963,0.58452
0.83929,NaN,0,NaN,0.5
0.83186,0.33333,0.055556,0.095238,0.51725
0.77876,0,0,NaN,0.46316
0.84071,0.5,0.11111,0.18182,0.54503
0.84956,0.57143,0.22222,0.32,0.59532
0.81416,0.36364,0.22222,0.27586,0.57427
0.87619,0.41667,0.20833,0.27778,0.58535
0.89048,0.54545,0.25,0.34286,0.61156
0.85714,0.125,0.041667,0.0625,0.50202
0.86667,0.35714,0.20833,0.26316,0.57997
0.89048,1,0.041667,0.08,0.52083
0.87619,0.4,0.16667,0.23529,0.5672
0.8619,0.22222,0.083333,0.12121,0.52285
0.87264,0.33333,0.08,0.12903,0.5293
0.85377,0.3125,0.2,0.2439,0.57059
0.86321,0.3,0.12,0.17143,0.54128
0.84762,0.3,0.25,0.27273,0.58737
0.89048,0.53333,0.33333,0.41026,0.64785
0.89524,0.5625,0.375,0.45,0.66868
0.87143,0.41176,0.29167,0.34146,0.61895
0.8619,0.30769,0.16667,0.21622,0.55914
0.88095,0.33333,0.041667,0.074074,0.51546
0.88571,NaN,0,NaN,0.5
0.87264,0.25,0.04,0.068966,0.51198
0.89151,1,0.08,0.14815,0.54
0.86321,0.33333,0.16,0.21622,0.55861
0.87619,0.42857,0.25,0.31579,0.60349
0.88095,0.44444,0.16667,0.24242,0.56989
0.85238,0.18182,0.083333,0.11429,0.51747
0.87619,0.33333,0.083333,0.13333,0.53091
0.87619,0.4,0.16667,0.23529,0.5672
0.88095,0.45455,0.20833,0.28571,0.58804
0.85714,0.28571,0.16667,0.21053,0.55645
0.88679,0.52381,0.44,0.47826,0.69326
0.86792,0.36364,0.16,0.22222,0.56128
0.85849,0.27273,0.12,0.16667,0.53861
0.89048,0.53846,0.29167,0.37838,0.6297
0.84762,0.25,0.16667,0.2,0.55108
0.85714,0.33333,0.25,0.28571,0.59274
0.87143,0.2,0.041667,0.068966,0.51008
0.88095,0.47059,0.33333,0.39024,0.64247
0.87143,0.28571,0.083333,0.12903,0.52823
0.88095,0,0,NaN,0.49731
0.89151,0.66667,0.16,0.25806,0.57465
0.87736,0.33333,0.04,0.071429,0.51465
0.88208,0.5,0.24,0.32432,0.60396
0.87143,0,0,NaN,0.49194
0.88095,0.47368,0.375,0.4186,0.66062
0.87619,0.375,0.125,0.1875,0.54906
0.88571,0.5,0.25,0.33333,0.60887
0.89048,0.55556,0.20833,0.30303,0.59341
0.87619,0.25,0.041667,0.071429,0.51277
0.88571,0.5,0.041667,0.076923,0.51815
0.85377,0.25,0.12,0.16216,0.53594
0.84434,0.25,0.16,0.19512,0.54791
0.88208,0.5,0.08,0.13793,0.53465
0.85714,0.25,0.125,0.16667,0.53831
0.86667,0.375,0.25,0.3,0.59812
0.89048,0.57143,0.16667,0.25806,0.57527
0.87143,0,0,NaN,0.49194
0.85714,0.33333,0.25,0.28571,0.59274
0.88095,0.33333,0.041667,0.074074,0.51546
0.87619,0.375,0.125,0.1875,0.54906
0.87736,0,0,NaN,0.49733
0.87264,0.42857,0.24,0.30769,0.59861
0.87736,0.45455,0.2,0.27778,0.58396
0.87619,0.41667,0.20833,0.27778,0.58535
0.9,0.63636,0.29167,0.4,0.63508
0.88095,0.42857,0.125,0.19355,0.55175
0.87143,0.33333,0.125,0.18182,0.54637
0.87619,0.33333,0.083333,0.13333,0.53091
0.87143,0.33333,0.125,0.18182,0.54637
0.83333,0.13333,0.083333,0.10256,0.50672
0.86321,0.3,0.12,0.17143,0.54128
0.86792,0.41176,0.28,0.33333,0.61326
0.87736,0.42857,0.12,0.1875,0.5493
0.88571,0.5,0.25,0.33333,0.60887
0.87619,0.41667,0.20833,0.27778,0.58535
0.86667,0.33333,0.16667,0.22222,0.56183
0.8619,0.27273,0.125,0.17143,0.54099
0.89524,0.6,0.25,0.35294,0.61425
0.86667,0,0,NaN,0.48925
0.85238,0.11111,0.041667,0.060606,0.49933
0.88679,0.6,0.12,0.2,0.55465
0.86321,0.4,0.32,0.35556,0.62791
0.88208,0.5,0.32,0.39024,0.63861
0.88571,0.5,0.20833,0.29412,0.59073
0.89524,0.66667,0.16667,0.26667,0.57796
0.87619,0.25,0.041667,0.071429,0.51277
0.87619,0.42857,0.25,0.31579,0.60349
0.87143,0.33333,0.125,0.18182,0.54637
0.89048,0.53846,0.29167,0.37838,0.6297
0.87143,0,0,NaN,0.49194
0.86321,0.25,0.08,0.12121,0.52396
0.84434,0.25,0.16,0.19512,0.54791
0.87736,0.44444,0.16,0.23529,0.56663
0.87619,0.375,0.125,0.1875,0.54906
0.88095,0.4,0.083333,0.13793,0.5336
0.88095,0.42857,0.125,0.19355,0.55175
0.87143,0.33333,0.125,0.18182,0.54637
0.88571,0.5,0.33333,0.4,0.64516
0.89048,0.55556,0.20833,0.30303,0.59341
0.87143,0.42857,0.375,0.4,0.65524
0.89151,0.6,0.24,0.34286,0.6093
0.88679,0.66667,0.08,0.14286,0.53733
0.85849,0.36842,0.28,0.31818,0.60791
0.94408,0.25,0.27273,0.26087,0.62101
0.94737,0.22222,0.18182,0.2,0.57896
0.92763,0.13333,0.18182,0.15385,0.56872
0.9082,0,0,NaN,0.4727
0.95082,0.2,0.083333,0.11765,0.53484
0.9377,0.11111,0.083333,0.095238,0.52801
0.92484,0,0,NaN,0.48129
0.93791,0,0,NaN,0.4881
0.89869,0.047619,0.083333,0.060606,0.50765
0.94444,0,0,NaN,0.4915
0.92105,0.15789,0.27273,0.2,0.60906
0.93421,0.15385,0.18182,0.16667,0.57214
0.95395,0.28571,0.18182,0.22222,0.58238
0.92459,0.076923,0.083333,0.08,0.52119
0.92131,0.125,0.16667,0.14286,0.55944
0.92459,0.13333,0.16667,0.14815,0.56115
0.95098,0,0,NaN,0.4949
0.93791,0,0,NaN,0.4881
0.93464,0,0,NaN,0.48639
0.93464,0,0,NaN,0.48639
0.91118,0.1,0.18182,0.12903,0.56019
0.89803,0.045455,0.090909,0.060606,0.50962
0.91118,0,0,NaN,0.4727
0.94098,0,0,NaN,0.48976
0.94754,0,0,NaN,0.49317
0.9082,0.1,0.16667,0.125,0.55262
0.93137,0.2,0.25,0.22222,0.60459
0.95098,0,0,NaN,0.4949
0.87582,0.066667,0.16667,0.095238,0.53571
0.93137,0.2,0.25,0.22222,0.60459
0.9375,0.1,0.090909,0.095238,0.5301
0.89474,0.11111,0.27273,0.15789,0.59541
0.88816,0.04,0.090909,0.055556,0.5045
0.94426,0,0,NaN,0.49147
0.9082,0.16667,0.33333,0.22222,0.63254
0.92787,0.083333,0.083333,0.083333,0.5229
0.93137,0.090909,0.083333,0.086957,0.52466
0.95098,0.2,0.083333,0.11765,0.53486
0.94444,0.14286,0.083333,0.10526,0.53146
0.94771,0,0,NaN,0.4932
0.95724,0,0,NaN,0.49659
0.96053,0.44444,0.36364,0.4,0.67329
0.9375,0.21429,0.27273,0.24,0.61759
0.90164,0.090909,0.16667,0.11765,0.5492
0.92459,0.076923,0.083333,0.08,0.52119
0.93443,0.16667,0.16667,0.16667,0.56627
0.9183,0.11765,0.16667,0.13793,0.55782
0.9183,0.11765,0.16667,0.13793,0.55782
0.9085,0,0,NaN,0.47279
0.94444,0.14286,0.083333,0.10526,0.53146
0.86184,0.12195,0.45455,0.19231,0.66584
0.93092,0.083333,0.090909,0.086957,0.52668
0.93421,0,0,NaN,0.48464
0.9541,0,0,NaN,0.49659
0.94098,0.2,0.16667,0.18182,0.56968
0.92787,0,0,NaN,0.48294
0.94118,0.125,0.083333,0.1,0.52976
0.94118,0.125,0.083333,0.1,0.52976
0.9281,0.14286,0.16667,0.15385,0.56293
0.91503,0.0625,0.083333,0.071429,0.51616
0.93421,0.15385,0.18182,0.16667,0.57214
0.89474,0,0,NaN,0.46416
0.93421,0,0,NaN,0.48464
0.90492,0.095238,0.16667,0.12121,0.55091
0.93115,0.15385,0.16667,0.16,0.56456
0.92787,0.083333,0.083333,0.083333,0.5229
0.9183,0.066667,0.083333,0.074074,0.51786
0.9281,0.1875,0.25,0.21429,0.60289
0.91176,0.058824,0.083333,0.068966,0.51446
0.9183,0.066667,0.083333,0.074074,0.51786
0.89145,0.041667,0.090909,0.057143,0.50621
0.93421,0.15385,0.18182,0.16667,0.57214
0.93421,0,0,NaN,0.48464
0.95082,0.33333,0.25,0.28571,0.61476
0.9377,0.18182,0.16667,0.17391,0.56797
0.91803,0.066667,0.083333,0.074074,0.51778
0.9183,0.15789,0.25,0.19355,0.59779
0.92157,0.125,0.16667,0.14286,0.55952
0.87582,0.09375,0.25,0.13636,0.57568
0.95752,0.42857,0.25,0.31579,0.6182
0.9375,0,0,NaN,0.48635
0.95066,0,0,NaN,0.49317
0.91447,0,0,NaN,0.4744
0.86885,0.0625,0.16667,0.090909,0.53214
0.88197,0,0,NaN,0.45904
0.93443,0.1,0.083333,0.090909,0.52631
0.9281,0.14286,0.16667,0.15385,0.56293
0.89869,0.047619,0.083333,0.060606,0.50765
0.87582,0.035714,0.083333,0.05,0.49575
0.94444,0,0,NaN,0.4915
0.92105,0,0,NaN,0.47782
0.93421,0.090909,0.090909,0.090909,0.52839
0.94079,0,0,NaN,0.48805
0.89508,0,0,NaN,0.46587
0.94754,0.16667,0.083333,0.11111,0.53313
0.94426,0.14286,0.083333,0.10526,0.53143
0.93137,0.15385,0.16667,0.16,0.56463
0.9085,0.13636,0.25,0.17647,0.59269
0.92484,0.076923,0.083333,0.08,0.52126
0.91176,0.058824,0.083333,0.068966,0.51446
0.42453,0.83333,0.039683,0.075758,0.51403
0.42723,0.77778,0.055118,0.10294,0.51593
0.41784,0.63636,0.055118,0.10145,0.5043
0.42723,0.77778,0.055118,0.10294,0.51593
0.41784,1,0.023622,0.046154,0.51181
0.42254,0.83333,0.03937,0.075188,0.51387
0.42523,0.83333,0.03937,0.075188,0.51394
0.42523,1,0.031496,0.061069,0.51575
0.42991,0.85714,0.047244,0.089552,0.51787
0.42056,1,0.023622,0.046154,0.51181
0.42453,0.7,0.055556,0.10294,0.51034
0.44131,1,0.062992,0.11852,0.5315
0.42254,0.83333,0.03937,0.075188,0.51387
0.42723,0.77778,0.055118,0.10294,0.51593
0.42254,0.83333,0.03937,0.075188,0.51387
0.40845,0.66667,0.015748,0.030769,0.50206
0.42056,1,0.023622,0.046154,0.51181
0.41589,1,0.015748,0.031008,0.50787
0.42991,1,0.03937,0.075758,0.51969
0.42523,0.83333,0.03937,0.075188,0.51394
0.43396,1,0.047619,0.090909,0.52381
0.43662,0.88889,0.062992,0.11765,0.52568
0.43662,0.73333,0.086614,0.15493,0.52005
0.42723,1,0.03937,0.075758,0.51969
0.42723,0.85714,0.047244,0.089552,0.51781
0.42723,0.69231,0.070866,0.12857,0.51218
0.43925,0.76923,0.07874,0.14286,0.52213
0.42991,1,0.03937,0.075758,0.51969
0.43925,0.88889,0.062992,0.11765,0.52575
0.42991,0.85714,0.047244,0.089552,0.51787
0.42925,0.85714,0.047619,0.090226,0.518
0.4507,0.8125,0.10236,0.18182,0.53374
0.43192,0.8,0.062992,0.11679,0.51987
0.42254,0.83333,0.03937,0.075188,0.51387
0.43662,0.88889,0.062992,0.11765,0.52568
0.41784,1,0.023622,0.046154,0.51181
0.42523,1,0.031496,0.061069,0.51575
0.42056,0.8,0.031496,0.060606,0.51
0.40654,0.5,0.03937,0.072993,0.49095
0.42523,0.83333,0.03937,0.075188,0.51394
0.41038,0.66667,0.015873,0.031008,0.50212
0.42723,1,0.03937,0.075758,0.51969
0.42723,1,0.03937,0.075758,0.51969
0.43192,0.8,0.062992,0.11679,0.51987
0.42254,0.83333,0.03937,0.075188,0.51387
0.42254,0.75,0.047244,0.088889,0.51199
0.42991,0.77778,0.055118,0.10294,0.51606
0.43925,0.81818,0.070866,0.13043,0.52394
0.42523,1,0.031496,0.061069,0.51575
0.41589,1,0.015748,0.031008,0.50787
0.45283,0.85714,0.095238,0.17143,0.53599
0.42723,0.69231,0.070866,0.12857,0.51218
0.43192,1,0.047244,0.090226,0.52362
0.41315,1,0.015748,0.031008,0.50787
0.42254,1,0.031496,0.061069,0.51575
0.40845,0.66667,0.015748,0.030769,0.50206
0.41121,0.57143,0.031496,0.059701,0.49851
0.43458,0.875,0.055118,0.1037,0.52181
0.43925,0.81818,0.070866,0.13043,0.52394
0.42991,1,0.03937,0.075758,0.51969
0.43396,1,0.047619,0.090909,0.52381
0.4554,0.86667,0.10236,0.1831,0.53955
0.42723,1,0.03937,0.075758,0.51969
0.43662,0.81818,0.070866,0.13043,0.52381
0.41784,0.8,0.031496,0.060606,0.50993
0.42723,0.85714,0.047244,0.089552,0.51781
0.40187,0.45455,0.03937,0.072464,0.4852
0.43458,0.875,0.055118,0.1037,0.52181
0.42523,1,0.031496,0.061069,0.51575
0.41589,0.75,0.023622,0.045802,0.50606
0.43396,0.875,0.055556,0.10448,0.52196
0.43662,0.88889,0.062992,0.11765,0.52568
0.43192,1,0.047244,0.090226,0.52362
0.42254,1,0.031496,0.061069,0.51575
0.44131,1,0.062992,0.11852,0.5315
0.40376,0.5,0.03937,0.072993,0.49062
0.42523,0.83333,0.03937,0.075188,0.51394
0.42056,0.66667,0.047244,0.088235,0.50638
0.43458,0.8,0.062992,0.11679,0.52
0.43925,0.81818,0.070866,0.13043,0.52394
0.42453,0.83333,0.039683,0.075758,0.51403
0.42254,1,0.031496,0.061069,0.51575
0.43192,1,0.047244,0.090226,0.52362
0.4554,0.92308,0.094488,0.17143,0.54143
0.42723,0.85714,0.047244,0.089552,0.51781
0.41784,0.71429,0.03937,0.074627,0.50806
0.41589,0.75,0.023622,0.045802,0.50606
0.42523,0.75,0.047244,0.088889,0.51213
0.45327,0.8125,0.10236,0.18182,0.53394
0.42991,1,0.03937,0.075758,0.51969
0.41509,0.75,0.02381,0.046154,0.50609
0.42254,1,0.031496,0.061069,0.51575
0.42254,1,0.031496,0.061069,0.51575
0.43192,0.875,0.055118,0.1037,0.52175
0.43662,1,0.055118,0.10448,0.52756
0.42254,1,0.031496,0.061069,0.51575
0.41121,0.6,0.023622,0.045455,0.50032
0.4486,1,0.070866,0.13235,0.53543
0.43458,0.8,0.062992,0.11679,0.52
0.43925,0.88889,0.062992,0.11765,0.52575
0.84177,0.42857,0.125,0.19355,0.54757
0.81013,0,0,NaN,0.47761
0.77215,0.071429,0.041667,0.052632,0.47233
0.79114,0,0,NaN,0.46642
0.82911,0.33333,0.125,0.18182,0.54011
0.84177,0.33333,0.041667,0.074074,0.51337
0.83544,0,0,NaN,0.49254
0.83019,0.375,0.12,0.18182,0.54134
0.86164,0.71429,0.2,0.3125,0.59254
0.8125,0,0,NaN,0.48148
0.82911,0.33333,0.125,0.18182,0.54011
0.81013,0.25,0.125,0.16667,0.52892
0.8038,0,0,NaN,0.47388
0.8481,0.5,0.125,0.2,0.55131
0.78481,0.14286,0.083333,0.10526,0.49689
0.81013,0,0,NaN,0.47761
0.83544,0.375,0.125,0.1875,0.54384
0.83019,0.25,0.04,0.068966,0.50881
0.81132,0.27273,0.12,0.16667,0.53015
0.8125,0.14286,0.04,0.0625,0.49778
0.77848,0.076923,0.041667,0.054054,0.47606
0.82278,0.16667,0.041667,0.066667,0.50218
0.75316,0.17391,0.16667,0.17021,0.51244
0.85443,0.6,0.125,0.2069,0.55504
0.83544,0.25,0.041667,0.071429,0.50964
0.75949,0.11111,0.083333,0.095238,0.48197
0.79747,0.25,0.16667,0.2,0.53856
0.83019,0.33333,0.08,0.12903,0.52507
0.76101,0.11765,0.08,0.095238,0.48403
0.79375,0,0,NaN,0.47037
0.85443,0.55556,0.20833,0.30303,0.58924
0.86709,0.56,0.58333,0.57143,0.75062
0.79747,0.25,0.16667,0.2,0.53856
0.75949,0.11111,0.083333,0.095238,0.48197
0.82911,0.33333,0.125,0.18182,0.54011
0.81646,0.22222,0.083333,0.12121,0.51555
0.82278,0,0,NaN,0.48507
0.84277,0.5,0.08,0.13793,0.53254
0.7673,0,0,NaN,0.45522
0.80625,0,0,NaN,0.47778
0.83544,0,0,NaN,0.49254
0.83544,0.375,0.125,0.1875,0.54384
0.81646,0,0,NaN,0.48134
0.81646,0.33333,0.20833,0.25641,0.56685
0.82911,0,0,NaN,0.48881
0.75949,0.18182,0.16667,0.17391,0.51617
0.79747,0.1,0.041667,0.058824,0.48725
0.8239,0.33333,0.12,0.17647,0.53761
0.80503,0.25,0.12,0.16216,0.52642
0.83125,0,0,NaN,0.49259
0.74051,0.18519,0.20833,0.19608,0.52208
0.84177,0.44444,0.16667,0.24242,0.56468
0.82278,0,0,NaN,0.48507
0.84177,0,0,NaN,0.49627
0.82911,0.28571,0.083333,0.12903,0.52301
0.82911,0.28571,0.083333,0.12903,0.52301
0.81013,0.2,0.083333,0.11765,0.51182
0.81761,0,0,NaN,0.48507
0.79245,0,0,NaN,0.47015
0.8375,0.4,0.08,0.13333,0.52889
0.79747,0.1,0.041667,0.058824,0.48725
0.78481,0.14286,0.083333,0.10526,0.49689
0.84177,0,0,NaN,0.49627
0.78481,0.22222,0.16667,0.19048,0.53109
0.8481,0.5,0.16667,0.25,0.56841
0.82278,0,0,NaN,0.48507
0.77215,0,0,NaN,0.45522
0.81761,0.3,0.12,0.17143,0.53388
0.8239,0.28571,0.08,0.125,0.52134
0.825,0.33333,0.12,0.17647,0.53778
0.83544,0.4,0.16667,0.23529,0.56095
0.79114,0,0,NaN,0.46642
0.82278,0.25,0.083333,0.125,0.51928
0.77848,0,0,NaN,0.45896
0.78481,0,0,NaN,0.46269
0.78481,0,0,NaN,0.46269
0.8038,0.18182,0.083333,0.11429,0.50808
0.80503,0.28571,0.16,0.20513,0.54269
0.86792,0.6,0.48,0.53333,0.71015
0.7875,0.2,0.12,0.15,0.51556
0.82911,0.33333,0.125,0.18182,0.54011
0.82911,0,0,NaN,0.48881
0.82278,0.25,0.083333,0.125,0.51928
0.78481,0.083333,0.041667,0.055556,0.47979
0.85443,0.57143,0.16667,0.25806,0.57214
0.82278,0.25,0.083333,0.125,0.51928
0.8038,0.11111,0.041667,0.060606,0.49098
0.79874,0.18182,0.08,0.11111,0.50642
0.79874,0,0,NaN,0.47388
0.84375,0.5,0.08,0.13793,0.53259
0.8481,0.5,0.25,0.33333,0.60261
0.79114,0,0,NaN,0.46642
0.83544,0.25,0.041667,0.071429,0.50964
0.82911,0.33333,0.125,0.18182,0.54011
0.81013,0.125,0.041667,0.0625,0.49471
0.83544,0,0,NaN,0.49254
0.77215,0.2,0.16667,0.18182,0.52363
0.81132,0.30769,0.16,0.21053,0.54642
0.81132,0.22222,0.08,0.11765,0.51388
0.85625,0.57143,0.32,0.41026,0.63778
0.75,0.25,0.125,0.16667,0.51562
0.725,0.2,0.125,0.15385,0.5
0.75,0.25,0.125,0.16667,0.51562
0.75,0,0,NaN,0.46875
0.8,NaN,0,NaN,0.5
0.75,0,0,NaN,0.46875
0.78049,0,0,NaN,0.48485
0.78049,0,0,NaN,0.48485
0.73171,0.2,0.125,0.15385,0.50189
0.80952,1,0.11111,0.2,0.55556
0.7,0,0,NaN,0.4375
0.75,0,0,NaN,0.46875
0.775,0,0,NaN,0.48438
0.75,0.375,0.375,0.375,0.60938
0.7,0,0,NaN,0.4375
0.775,0.33333,0.125,0.18182,0.53125
0.73171,0,0,NaN,0.45455
0.78049,0,0,NaN,0.48485
0.78049,0,0,NaN,0.48485
0.78571,0.5,0.22222,0.30769,0.58081
0.775,0,0,NaN,0.48438
0.75,0.25,0.125,0.16667,0.51562
0.8,0.5,0.125,0.2,0.54688
0.8,NaN,0,NaN,0.5
0.75,0,0,NaN,0.46875
0.725,0,0,NaN,0.45312
0.73171,0,0,NaN,0.45455
0.73171,0,0,NaN,0.45455
0.78049,0.4,0.25,0.30769,0.57955
0.7381,0,0,NaN,0.4697
0.75,0,0,NaN,0.46875
0.75,0.25,0.125,0.16667,0.51562
0.7,0.16667,0.125,0.14286,0.48438
0.825,0.66667,0.25,0.36364,0.60938
0.675,0,0,NaN,0.42188
0.7,0.16667,0.125,0.14286,0.48438
0.7561,0,0,NaN,0.4697
0.73171,0,0,NaN,0.45455
0.80488,NaN,0,NaN,0.5
0.7619,0.33333,0.11111,0.16667,0.52525
0.8,NaN,0,NaN,0.5
0.725,0,0,NaN,0.45312
0.8,NaN,0,NaN,0.5
0.725,0,0,NaN,0.45312
0.7,0.16667,0.125,0.14286,0.48438
0.725,0,0,NaN,0.45312
0.73171,0,0,NaN,0.45455
0.73171,0,0,NaN,0.45455
0.73171,0,0,NaN,0.45455
0.7619,0,0,NaN,0.48485
0.825,0.57143,0.5,0.53333,0.70312
0.75,0,0,NaN,0.46875
0.8,0.5,0.125,0.2,0.54688
0.775,0,0,NaN,0.48438
0.775,0.33333,0.125,0.18182,0.53125
0.75,0,0,NaN,0.46875
0.73171,0,0,NaN,0.45455
0.78049,0,0,NaN,0.48485
0.7561,0.25,0.125,0.16667,0.51705
0.78571,0.5,0.11111,0.18182,0.5404
0.75,0,0,NaN,0.46875
0.8,NaN,0,NaN,0.5
0.775,0,0,NaN,0.48438
0.8,0.5,0.125,0.2,0.54688
0.75,0,0,NaN,0.46875
0.825,0.66667,0.25,0.36364,0.60938
0.7561,0,0,NaN,0.4697
0.80488,NaN,0,NaN,0.5
0.70732,0,0,NaN,0.43939
0.7619,0,0,NaN,0.48485
0.725,0,0,NaN,0.45312
0.75,0.25,0.125,0.16667,0.51562
0.725,0.2,0.125,0.15385,0.5
0.725,0,0,NaN,0.45312
0.725,0.2,0.125,0.15385,0.5
0.725,0,0,NaN,0.45312
0.73171,0,0,NaN,0.45455
0.7561,0.25,0.125,0.16667,0.51705
0.73171,0.2,0.125,0.15385,0.50189
0.7381,0.25,0.11111,0.15385,0.5101
0.775,0,0,NaN,0.48438
0.8,0.5,0.125,0.2,0.54688
0.75,0,0,NaN,0.46875
0.775,0,0,NaN,0.48438
0.775,0,0,NaN,0.48438
0.775,0,0,NaN,0.48438
0.7561,0,0,NaN,0.4697
0.78049,0.33333,0.125,0.18182,0.5322
0.73171,0,0,NaN,0.45455
0.78571,0.5,0.11111,0.18182,0.5404
0.775,0,0,NaN,0.48438
0.775,0,0,NaN,0.48438
0.8,NaN,0,NaN,0.5
0.75,0,0,NaN,0.46875
0.75,0,0,NaN,0.46875
0.8,NaN,0,NaN,0.5
0.68293,0,0,NaN,0.42424
0.73171,0,0,NaN,0.45455
0.78049,0.4,0.25,0.30769,0.57955
0.71429,0.2,0.11111,0.14286,0.49495
0.87678,0.34524,0.42029,0.37908,0.67097
0.90285,0.41667,0.21739,0.28571,0.59376
0.87435,0.325,0.37681,0.34899,0.65
0.89378,0.4058,0.4058,0.4058,0.67374
0.8899,0.3,0.17391,0.22018,0.56704
0.89249,0.20833,0.072464,0.10753,0.52272
0.87435,0.3,0.30435,0.30216,0.61732
0.89909,0.42857,0.34286,0.38095,0.64867
0.87063,0.30769,0.34286,0.32432,0.63302
0.89521,0.32258,0.14286,0.19802,0.55649
0.88716,0.32692,0.24638,0.28099,0.59826
0.90026,0.42308,0.31884,0.36364,0.63808
0.8899,0.37879,0.36232,0.37037,0.652
0.89767,0.38095,0.23188,0.28829,0.59745
0.87824,0.32394,0.33333,0.32857,0.63253
0.90415,0.44444,0.28986,0.35088,0.62715
0.89637,0.26087,0.086957,0.13043,0.53139
0.89651,0.3913,0.25714,0.31034,0.60866
0.90039,0.4,0.2,0.26667,0.58506
0.89909,0.43548,0.38571,0.40909,0.66796
0.87938,0.34211,0.37681,0.35862,0.65279
0.8886,0.28205,0.15942,0.2037,0.5598
0.88601,0.32727,0.26087,0.29032,0.60412
0.91192,0.53333,0.11594,0.19048,0.55299
0.88342,0.31579,0.26087,0.28571,0.6027
0.8899,0.37097,0.33333,0.35115,0.63893
0.87047,0.3038,0.34783,0.32432,0.63479
0.8771,0.32877,0.34286,0.33566,0.63658
0.89651,0.39583,0.27143,0.32203,0.61509
0.87969,0.35443,0.4,0.37584,0.66373
0.88457,0.36111,0.37681,0.36879,0.65564
0.86528,0.28395,0.33333,0.30667,0.62541
0.86658,0.31522,0.42029,0.36025,0.66534
0.89378,0.34146,0.2029,0.25455,0.58225
0.90285,0.43182,0.27536,0.33628,0.6199
0.89508,0.40323,0.36232,0.38168,0.65484
0.89767,0.3913,0.26087,0.31304,0.61052
0.90168,0.36364,0.11429,0.17391,0.54719
0.89651,0.30769,0.11429,0.16667,0.54434
0.89521,0.39623,0.3,0.34146,0.62724
0.90402,0.4359,0.24638,0.31481,0.60752
0.88472,0.32143,0.26087,0.288,0.60341
0.8899,0.37879,0.36232,0.37037,0.652
0.87306,0.27692,0.26087,0.26866,0.59701
0.89767,0.35294,0.17391,0.23301,0.57131
0.86399,0.23529,0.23188,0.23358,0.57896
0.91192,0.5082,0.44928,0.47692,0.7033
0.88616,0.28571,0.17143,0.21429,0.56438
0.88745,0.38356,0.4,0.39161,0.66799
0.90686,0.44444,0.11429,0.18182,0.55003
0.86641,0.30682,0.3913,0.34395,0.6522
0.89378,0.36735,0.26087,0.30508,0.60839
0.91321,0.53846,0.2029,0.29474,0.59291
0.89767,0.38095,0.23188,0.28829,0.59745
0.87176,0.30769,0.34783,0.32653,0.63551
0.90026,0.33333,0.11594,0.17204,0.54659
0.89896,0.38462,0.21739,0.27778,0.59163
0.90168,0.41667,0.21429,0.28302,0.59221
0.88098,0.35135,0.37143,0.36111,0.65157
0.88486,0.32075,0.24286,0.27642,0.59582
0.89754,0.42188,0.3913,0.40602,0.6693
0.90933,0.49057,0.37681,0.42623,0.6692
0.8899,0.32609,0.21739,0.26087,0.58665
0.89249,0.38333,0.33333,0.35659,0.64035
0.86528,0.27273,0.30435,0.28767,0.61234
0.89896,0.35484,0.15942,0.22,0.56549
0.90415,0.44444,0.28986,0.35088,0.62715
0.8784,0.3125,0.28571,0.29851,0.61156
0.88098,0.32258,0.28571,0.30303,0.61299
0.90944,0.5,0.18571,0.27083,0.58361
0.88457,0.33871,0.30435,0.32061,0.62297
0.89378,0.36735,0.26087,0.30508,0.60839
0.87953,0.28571,0.23188,0.256,0.58749
0.89767,0.375,0.21739,0.27523,0.59091
0.88083,0.31148,0.27536,0.29231,0.60781
0.90544,0.4375,0.2029,0.27723,0.58865
0.87306,0.27692,0.26087,0.26866,0.59701
0.8771,0.33333,0.35714,0.34483,0.64301
0.89263,0.37736,0.28571,0.3252,0.61939
0.89392,0.36957,0.24286,0.2931,0.6008
0.88067,0.24444,0.15942,0.19298,0.55549
0.89767,0.32143,0.13043,0.18557,0.5517
0.89767,0.42188,0.3913,0.40602,0.66934
0.90415,0.45283,0.34783,0.39344,0.65329
0.89508,0.32353,0.15942,0.21359,0.56335
0.8886,0.33333,0.24638,0.28333,0.59901
0.89378,0.33333,0.18841,0.24074,0.57571
0.8784,0.28571,0.22857,0.25397,0.58584
0.87063,0.3125,0.35714,0.33333,0.63945
0.88875,0.36207,0.3,0.32812,0.62368
0.87419,0.31081,0.33333,0.32168,0.63034
0.8886,0.37313,0.36232,0.36765,0.65129
0.90674,0.44,0.15942,0.23404,0.56975
0.89119,0.34043,0.23188,0.27586,0.59389
0.88601,0.34921,0.31884,0.33333,0.63026
0.90415,0.41379,0.17391,0.2449,0.57487
0.86528,0.27848,0.31884,0.2973,0.61888
0.88228,0.31579,0.25714,0.28346,0.60083
0.88745,0.35088,0.28571,0.31496,0.61654
0.87451,0.34483,0.42857,0.38217,0.67375
0.30114,0.84615,0.083333,0.15172,0.51894
0.24432,0.4,0.015152,0.029197,0.47348
0.23864,0.25,0.0075758,0.014706,0.4697
0.27273,0.66667,0.060606,0.11111,0.48485
0.25,0.5,0.015152,0.029412,0.48485
0.23295,0,0,NaN,0.46591
0.23295,0,0,NaN,0.46591
0.23164,0.2,0.0075188,0.014493,0.4583
0.27119,0.7,0.052632,0.097902,0.49222
0.26404,0.66667,0.030075,0.057554,0.49282
0.25568,0.55556,0.037879,0.070922,0.47348
0.26136,0.57143,0.060606,0.10959,0.46212
0.30114,1,0.068182,0.12766,0.53409
0.23864,0.33333,0.015152,0.028986,0.46212
0.25,0.5,0.022727,0.043478,0.47727
0.24432,0.44444,0.030303,0.056738,0.45833
0.27841,1,0.037879,0.072993,0.51894
0.25989,0.75,0.022556,0.043796,0.49991
0.24294,0.33333,0.0075188,0.014706,0.48103
0.26966,0.66667,0.045113,0.084507,0.48922
0.28409,0.75,0.068182,0.125,0.5
0.24432,0.33333,0.0075758,0.014815,0.48106
0.24432,0.44444,0.030303,0.056738,0.45833
0.23295,0.2,0.0075758,0.014599,0.45833
0.25568,0.66667,0.015152,0.02963,0.49621
0.24432,0.33333,0.0075758,0.014815,0.48106
0.23295,0.38462,0.037879,0.068966,0.42803
0.24859,0.5,0.022556,0.043165,0.47719
0.27119,0.625,0.075188,0.13423,0.46941
0.25281,0.5,0.0075188,0.014815,0.49265
0.28977,0.73333,0.083333,0.14966,0.49621
0.25,0.5,0.068182,0.12,0.43182
0.26136,0.6,0.045455,0.084507,0.47727
0.28409,0.875,0.05303,0.1,0.51515
0.25,0.5,0.022727,0.043478,0.47727
0.23295,0.33333,0.022727,0.042553,0.44318
0.25568,0.66667,0.015152,0.02963,0.49621
0.24294,0.33333,0.0075188,0.014706,0.48103
0.27684,0.77778,0.052632,0.098592,0.50359
0.24157,0,0,NaN,0.47778
0.24432,0.33333,0.0075758,0.014815,0.48106
0.28977,0.88889,0.060606,0.11348,0.51894
0.28977,0.88889,0.060606,0.11348,0.51894
0.24432,0.44444,0.030303,0.056738,0.45833
0.24432,0.4,0.015152,0.029197,0.47348
0.28409,0.8,0.060606,0.11268,0.50758
0.27273,0.7,0.05303,0.098592,0.49242
0.25989,0.625,0.037594,0.070922,0.48471
0.24859,0.5,0.022556,0.043165,0.47719
0.24157,0,0,NaN,0.47778
0.30114,0.73684,0.10606,0.18543,0.49621
0.28977,0.76923,0.075758,0.13793,0.50379
0.25568,0.54545,0.045455,0.083916,0.46591
0.26705,0.8,0.030303,0.058394,0.50379
0.28977,0.81818,0.068182,0.12587,0.51136
0.23864,0,0,NaN,0.47727
0.23864,0,0,NaN,0.47727
0.23164,0,0,NaN,0.46591
0.23164,0,0,NaN,0.46591
0.29213,0.81818,0.067669,0.125,0.51161
0.24432,0.33333,0.0075758,0.014815,0.48106
0.27841,0.72727,0.060606,0.11189,0.49621
0.27841,1,0.037879,0.072993,0.51894
0.26705,0.71429,0.037879,0.071942,0.49621
0.27273,0.75,0.045455,0.085714,0.5
0.26136,0.6,0.045455,0.084507,0.47727
0.25,0.5,0.015152,0.029412,0.48485
0.25424,0.6,0.022556,0.043478,0.48855
0.26554,0.66667,0.045113,0.084507,0.48847
0.24719,0.33333,0.0075188,0.014706,0.48154
0.28409,0.6875,0.083333,0.14865,0.48485
0.25568,0.6,0.022727,0.043796,0.48864
0.25,0.5,0.022727,0.043478,0.47727
0.26705,1,0.022727,0.044444,0.51136
0.24432,0.33333,0.0075758,0.014815,0.48106
0.28409,0.75,0.068182,0.125,0.5
0.22727,0.33333,0.030303,0.055556,0.42424
0.25424,0.6,0.022556,0.043478,0.48855
0.24859,0.5,0.022556,0.043165,0.47719
0.24157,0,0,NaN,0.47778
0.26705,0.8,0.030303,0.058394,0.50379
0.24432,0.33333,0.0075758,0.014815,0.48106
0.26705,0.71429,0.037879,0.071942,0.49621
0.24432,0.44444,0.030303,0.056738,0.45833
0.25568,0.57143,0.030303,0.057554,0.48106
0.24432,0.33333,0.0075758,0.014815,0.48106
0.25568,1,0.0075758,0.015038,0.50379
0.23729,0.33333,0.015038,0.028777,0.46206
0.20339,0.1,0.0075188,0.013986,0.40149
0.29775,0.9,0.067669,0.12587,0.52272
0.25,0.5,0.015152,0.029412,0.48485
0.27841,0.77778,0.05303,0.099291,0.50379
0.26136,0.58333,0.05303,0.097222,0.4697
0.24432,0.4,0.015152,0.029197,0.47348
0.30682,1,0.075758,0.14085,0.53788
0.25,0.5,0.015152,0.029412,0.48485
0.30114,0.84615,0.083333,0.15172,0.51894
0.27119,0.75,0.045113,0.085106,0.49983
0.24859,0.5,0.015038,0.029197,0.48479
0.18539,0.16667,0.022556,0.039735,0.34461
0.84308,0.44,0.11111,0.17742,0.54285
0.84923,0.51613,0.16162,0.24615,0.5672
0.83692,0.42222,0.19192,0.26389,0.57237
0.84025,0.4359,0.17172,0.24638,0.56593
0.84332,0.44,0.11111,0.17742,0.54287
0.84639,0.48,0.12121,0.19355,0.54883
0.84332,0.44,0.11111,0.17742,0.54287
0.83871,0.36364,0.080808,0.13223,0.52772
0.83103,0.40984,0.25253,0.3125,0.59365
0.84025,0.30769,0.040404,0.071429,0.51205
0.83846,0.44231,0.23232,0.30464,0.58985
0.84,0.41935,0.13131,0.2,0.54932
0.84308,0.42857,0.090909,0.15,0.53457
0.84332,0.46667,0.21212,0.29167,0.58432
0.84025,0.41935,0.13131,0.2,0.54935
0.84178,0.4,0.080808,0.13445,0.52953
0.84793,0.5,0.090909,0.15385,0.5373
0.84025,0.4,0.10101,0.16129,0.53692
0.84178,0.42308,0.11111,0.176,0.54197
0.84178,0.44737,0.17172,0.24818,0.56684
0.83692,0.42553,0.20202,0.27397,0.57651
0.84769,0.5,0.19192,0.27737,0.57872
0.84154,0.44444,0.16162,0.23704,0.56266
0.84639,0.45455,0.050505,0.090909,0.51982
0.83871,0.39286,0.11111,0.17323,0.54016
0.84639,0.48837,0.21212,0.29577,0.58613
0.82028,0.3125,0.15152,0.20408,0.54587
0.83257,0.27273,0.060606,0.099174,0.51581
0.84025,0.46269,0.31313,0.37349,0.62396
0.82028,0.25,0.090909,0.13333,0.521
0.83231,0.36111,0.13131,0.19259,0.54479
0.84,0.45902,0.28283,0.35,0.61147
0.82769,0.39344,0.24242,0.3,0.58764
0.83103,0.2963,0.080808,0.12698,0.52319
0.84025,0.44898,0.22222,0.2973,0.58665
0.84332,0.45946,0.17172,0.25,0.56774
0.84485,0.46429,0.13131,0.20472,0.55207
0.84639,0.47826,0.11111,0.18033,0.54469
0.84485,0.4375,0.070707,0.12174,0.5272
0.84793,0.5,0.070707,0.12389,0.52901
0.83846,0.35,0.070707,0.11765,0.52356
0.84615,0.47368,0.090909,0.15254,0.53638
0.84,0.35294,0.060606,0.10345,0.52032
0.84793,0.5,0.20202,0.28777,0.58289
0.84178,0.44444,0.16162,0.23704,0.56269
0.84025,0.44186,0.19192,0.26761,0.57422
0.82335,0.34615,0.18182,0.23841,0.56011
0.83564,0.39474,0.15152,0.21898,0.55492
0.83103,0.39216,0.20202,0.26667,0.57293
0.84639,0.48,0.12121,0.19355,0.54883
0.83385,0.42857,0.27273,0.33333,0.6037
0.81846,0.25641,0.10101,0.14493,0.52419
0.84154,0.41667,0.10101,0.1626,0.5378
0.84178,0.3,0.030303,0.055046,0.50881
0.82642,0.20833,0.050505,0.081301,0.50804
0.851,0.53846,0.14141,0.224,0.55984
0.851,0.53333,0.16162,0.24806,0.56813
0.84332,0.41176,0.070707,0.12069,0.5263
0.84178,0.43333,0.13131,0.20155,0.55026
0.84485,0.475,0.19192,0.27338,0.57694
0.83846,0.4,0.12121,0.18605,0.54427
0.83231,0.375,0.15152,0.21583,0.55307
0.85231,0.57895,0.11111,0.18644,0.5483
0.8341,0.41818,0.23232,0.2987,0.58718
0.84332,0.44,0.11111,0.17742,0.54287
0.83871,0.375,0.090909,0.14634,0.53187
0.84178,0.44444,0.16162,0.23704,0.56269
0.851,0.54545,0.12121,0.19835,0.55155
0.82488,0.34694,0.17172,0.22973,0.55687
0.84946,0.52,0.13131,0.20968,0.55479
0.83692,0.43137,0.22222,0.29333,0.5848
0.83231,0.36111,0.13131,0.19259,0.54479
0.84462,0.47222,0.17172,0.25185,0.56862
0.83717,0.23077,0.030303,0.053571,0.50609
0.84025,0.40741,0.11111,0.1746,0.54106
0.83257,0.35294,0.12121,0.18045,0.54068
0.84793,0.5,0.16162,0.24427,0.56632
0.84025,0.41935,0.13131,0.2,0.54935
0.84332,0.47619,0.30303,0.37037,0.62162
0.83717,0.37931,0.11111,0.17188,0.53925
0.84,0.40741,0.11111,0.1746,0.54104
0.84,0.4,0.10101,0.16129,0.53689
0.84,0.4359,0.17172,0.24638,0.56589
0.83871,0.43478,0.20202,0.27586,0.57746
0.84025,0.43243,0.16162,0.23529,0.56179
0.84025,0.41379,0.12121,0.1875,0.54521
0.82335,0.19231,0.050505,0.08,0.50623
0.83103,0.38298,0.18182,0.24658,0.56464
0.83257,0.38095,0.16162,0.22695,0.55726
0.84946,0.53333,0.080808,0.14035,0.53406
0.84,0.42424,0.14141,0.21212,0.55347
0.84154,0.42308,0.11111,0.176,0.54194
0.84923,0.55556,0.050505,0.092593,0.52162
0.84485,0.475,0.19192,0.27338,0.57694
0.83257,0.33333,0.10101,0.15504,0.53239
0.83871,0.35,0.070707,0.11765,0.52358
0.81413,0.28846,0.15152,0.19868,0.54224
0.8172,0.30769,0.16162,0.21192,0.5482
0.84946,0.51163,0.22222,0.30986,0.59209
0.84178,0.45238,0.19192,0.2695,0.57513
0.82785,0.27273,0.047619,0.081081,0.51176
0.82071,0.23077,0.046875,0.077922,0.50838
0.81061,0.26087,0.09375,0.13793,0.52127
0.79545,0.25714,0.14062,0.18182,0.53116
0.83838,0.5,0.015625,0.030303,0.50631
0.83333,0.4375,0.10938,0.175,0.54113
0.82071,0.33333,0.10938,0.16471,0.5336
0.83838,0.5,0.03125,0.058824,0.51261
0.83081,0.41176,0.10938,0.17284,0.53963
0.82368,0.3125,0.078125,0.125,0.52255
0.82785,0.36842,0.11111,0.17073,0.53748
0.83081,0.33333,0.046875,0.082192,0.5144
0.83081,0.36364,0.0625,0.10667,0.52071
0.82071,0.33333,0.10938,0.16471,0.5336
0.83081,0.38462,0.078125,0.12987,0.52701
0.81566,0.090909,0.015625,0.026667,0.49275
0.81818,0.16667,0.03125,0.052632,0.50056
0.82576,0.27273,0.046875,0.08,0.51139
0.83586,0.42857,0.046875,0.084507,0.51741
0.81612,0.34483,0.15625,0.21505,0.5496
0.83038,0.40909,0.14286,0.21176,0.55185
0.81566,0.32,0.125,0.17978,0.5369
0.81566,0.2,0.046875,0.075949,0.50537
0.83586,0.46667,0.10938,0.17722,0.54264
0.82323,0.3125,0.078125,0.125,0.5225
0.81313,0.27273,0.09375,0.13953,0.52278
0.79545,0.13043,0.046875,0.068966,0.49332
0.82071,0.18182,0.03125,0.053333,0.50207
0.82828,0.41667,0.15625,0.22727,0.55704
0.82872,0.35714,0.078125,0.12821,0.52555
0.83544,0.4,0.063492,0.10959,0.52271
0.80556,0.24,0.09375,0.13483,0.51826
0.82576,0.36842,0.10938,0.16867,0.53662
0.82828,0.35714,0.078125,0.12821,0.52551
0.81313,0.25,0.078125,0.11905,0.51647
0.82071,0.33333,0.10938,0.16471,0.5336
0.83333,0.4375,0.10938,0.175,0.54113
0.82323,0.25,0.046875,0.078947,0.50988
0.82071,0.18182,0.03125,0.053333,0.50207
0.80605,0.21739,0.078125,0.11494,0.51204
0.83291,0.33333,0.047619,0.083333,0.51477
0.82323,0.2,0.03125,0.054054,0.50358
0.83081,0.28571,0.03125,0.056338,0.50809
0.83081,0.43478,0.15625,0.22989,0.55855
0.82828,0.25,0.03125,0.055556,0.50659
0.80808,0.2,0.0625,0.095238,0.50715
0.80808,0.28571,0.125,0.17391,0.53238
0.82576,0.35294,0.09375,0.14815,0.53031
0.82323,0.33333,0.09375,0.14634,0.5288
0.82872,0.33333,0.0625,0.10526,0.51924
0.80506,0.29412,0.15873,0.20619,0.54322
0.83081,0.33333,0.046875,0.082192,0.5144
0.83333,0.375,0.046875,0.083333,0.51591
0.83081,0.28571,0.03125,0.056338,0.50809
0.80556,0.11765,0.03125,0.049383,0.49303
0.82828,0.4,0.125,0.19048,0.54443
0.82576,0.27273,0.046875,0.08,0.51139
0.83333,0.4,0.0625,0.10811,0.52221
0.82576,0.30769,0.0625,0.1039,0.5177
0.84131,0.52941,0.14062,0.22222,0.5583
0.82025,0.25,0.063492,0.10127,0.51367
0.83081,0.4,0.09375,0.1519,0.53332
0.82323,0.35,0.10938,0.16667,0.53511
0.82323,0.35,0.10938,0.16667,0.53511
0.82323,0.28571,0.0625,0.10256,0.51619
0.81566,0.26316,0.078125,0.12048,0.51798
0.82323,0.35,0.10938,0.16667,0.53511
0.82828,0.3,0.046875,0.081081,0.5129
0.83081,0.4,0.09375,0.1519,0.53332
0.82872,0.35714,0.078125,0.12821,0.52555
0.82785,0.36842,0.11111,0.17073,0.53748
0.82071,0.23077,0.046875,0.077922,0.50838
0.82576,0.3913,0.14062,0.2069,0.54923
0.82828,0.33333,0.0625,0.10526,0.5192
0.83333,0.4,0.0625,0.10811,0.52221
0.81061,0.17647,0.046875,0.074074,0.50235
0.81818,0.25,0.0625,0.1,0.51318
0.82071,0.11111,0.015625,0.027397,0.49576
0.81818,0.36667,0.17188,0.23404,0.55732
0.82872,0.4,0.125,0.19048,0.54448
0.83797,0.4,0.031746,0.058824,0.51135
0.83838,0.5,0.078125,0.13514,0.53153
0.81566,0.26316,0.078125,0.12048,0.51798
0.80303,0.26667,0.125,0.17021,0.52937
0.83081,0.42105,0.125,0.19277,0.54593
0.82071,0.29412,0.078125,0.12346,0.52099
0.81313,0,0,NaN,0.48494
0.82071,0.26667,0.0625,0.10127,0.51468
0.82071,0.34783,0.125,0.18391,0.53991
0.8262,0.30769,0.0625,0.1039,0.51774
0.82532,0.28571,0.063492,0.1039,0.51669
0.81061,0.13333,0.03125,0.050633,0.49605
0.82323,0.28571,0.0625,0.10256,0.51619
0.81566,0.28571,0.09375,0.14118,0.52428
0.82828,0.25,0.03125,0.055556,0.50659
0.83081,0.36364,0.0625,0.10667,0.52071
0.80808,0.2,0.0625,0.095238,0.50715
0.81818,0.33333,0.125,0.18182,0.5384
0.81566,0.32,0.125,0.17978,0.5369
0.83123,0.41176,0.10938,0.17284,0.53967
